{
  "$schema": "../../node_modules/@tauri-apps/cli/config.schema.json",
    "productName": "Fanamby",
    "version": "0.1.0",
    "identifier": "com.Fanamby.dev",
    "build": {
      "frontendDist": "../build",
      "devUrl": "http://localhost:5173",
      "beforeDevCommand": "npm run dev",
      "beforeBuildCommand": "npm run build"
    },
    "app": {
      "windows": [
        {
          "title": "Fanamby",
          "width": 850,
          "height": 620,
          "resizable": false,
          "fullscreen": false
        }
      ],
      "security": {
        "csp": null
      }
    },
    "bundle": {
      "active": true,
      "targets": "all",
      "icon": [
        "icons/32x32.png",
        "icons/128x128.png",
        "icons/128x128@2x.png",
        "icons/icon.icns",
        "icons/icon.ico"
      ]
    }
}
